Common Name,Family,GenusSpecies,Genus,Category,Wmax,Ymax,Lmax,Lengthmax type,Ym,Lm,Favg,Loffspring,,,,,,,,,,,Region,Sources
Franciscana dolphin,Pontoporiidae,Pontoporia blainvillei,Pontoporia,Cetacea,53000,21,177,TL,2.7,NA,1,77.5,,,,,,,,,,,Southwest Atlantic,"https://www.marinespecies.org/cetacea/aphia.php?p=taxdetails&id=254964, https://doi.org/10.1016/B978-0-12-804327-1.00133-3"
Hector's dolphin,Delphinidae,Cephalorhynchus hectori,Cephalorhynchus,Cetacea,57000,19,130,TL,8,127,1,76.6,,,,,,,,,,,NA,"https://www.marinespecies.org/cetacea/aphia.php?p=taxdetails&id=254979, https://sealifebase.org/summary/Cephalorhynchus-hectori.html, 
https://doi.org/10.1139/z91-234"
Harbor porpoise,Phocoenidae,Phocoena phocoena,Phocoena,Cetacea,70000,20,200,TL,3.5,145,1,NA,,,,,,,,,,,Atlantic,"https://www.marinespecies.org/cetacea/aphia.php?p=taxdetails&id=137117, https://doi.org/10.1016/B978-0-12-804327-1.00144-8, https://www.sealifebase.ca/summary/Phocoena-phocoena.html"
Northern right whale dolphin,Delphinidae,Lissodelphis borealis,Lissodelphis,Cetacea,116000,NA,230,TL,9.7,199.8,1,100,,,,,,,,,,,NA,"https://www.marinespecies.org/cetacea/aphia.php?p=taxdetails&id=254975, https://www.sealifebase.ca/summary/Lissodelphis-borealis.html, https://doi.org/10.1016/B978-0-12-804327-1.00216-8"
Irrawaddy dolphin,Delphinidae,Orcaella brevirostris,Orcaella,Cetacea,150000,NA,220,TL,NA,NA,1,NA,,,,,,,,,,,NA,"https://www.marinespecies.org/cetacea/aphia.php?p=taxdetails&id=148732, https://doi.org/10.1016/B978-0-12-804327-1.00161-8"
Rough-toothed dolphin,Delphinidae,Steno bredanensis,Steno,Cetacea,150000,36,280,TL,10,216,1,100,,,,,,,,,,,Japansese waters,"https://www.marinespecies.org/cetacea/aphia.php?p=taxdetails&id=137110, https://www.sealifebase.ca/summary/Steno-bredanensis.html, https://doi.org/10.1016/B978-0-12-804327-1.00223-5"
Striped dolphin,Delphinidae,Stenella coeruleoalba,Stenella,Cetacea,156000,57.5,256,TL,8.5,218,1,NA,,,,,,,,,,,,"https://www.marinespecies.org/cetacea/aphia.php?p=taxdetails&id=137107, https://doi.org/10.1016/B978-0-12-804327-1.00251-X, https://www.sealifebase.ca/summary/Stenella-coeruleoalba.html"
Dall's porpoise,Phocoenidae,Phocoenoides dalli,Phocoenoides,Cetacea,200000,NA,220,TL,5,179,1,100,,,,,,,,,,,Central- and Western North Pacific,"https://www.marinespecies.org/cetacea/aphia.php?p=taxdetails&id=254987, https://doi.org/10.1016/B978-0-12-804327-1.00004-2, https://www.sealifebase.ca/summary/Phocoenoides-dalli.html"
Fraser's dolphin,Delphinidae,Lagenodelphis hosei,Lagenodelphis ,Cetacea,210000,19,260,TL,6.5,,1,NA,,,,,,,,,,,,"https://www.marinespecies.org/cetacea/aphia.php?p=taxdetails&id=137099, https://doi.org/10.1016/B978-0-12-804327-1.00134-5"
Common Dolphin,Delphinidae,Delphinus delphis,Delphinus,Cetacea,235000,30,235,TL,9,186.5,1,87,,,,,,,,,,,"Western Atlantic, Eastern Pacific","https://www.marinespecies.org/cetacea/aphia.php?p=taxdetails&id=137094, https://doi.org/10.1016/B978-0-12-804327-1.00095-9, https://doi.org/10.1139/z06-188"
Melon-headed whale,Delphinidae,Peponocephala electra,Peponocephala,Cetacea,275000,45,278,TL,7,225,1,110,,,,,,,,,,,NA,"https://www.marinespecies.org/cetacea/aphia.php?p=taxdetails&id=137102, https://www.sealifebase.ca/summary/Peponocephala-electra.html"
Indo-Pacific humpback dolphin,Delphinidae,Sousa chinensis,Sousa,Cetacea,284000,40,250,TL,12.5,235,1,101,,,,,,,,,,,Chinese waters,"https://www.marinespecies.org/cetacea/aphia.php?p=taxdetails&id=220226, https://doi.org/10.1016/B978-0-12-804327-1.00153-9"
White-beaked dolphin,Delphinidae,Lagenorhynchus albirostris,Lagenorhynchus,Cetacea,360000,34,320,TL,8.7,240,1,120,,,,,,,,,,,,"https://www.marinespecies.org/cetacea/aphia.php?p=taxdetails&id=137101, https://doi.org/10.1016/B978-0-12-804327-1.00274-0"
Risso's dolphin,Delphinidae,Grampus griseus,Grampus,Cetacea,500000,50,400,TL,9,,1,NA,,,,,,,,,,,NA,https://www.marinespecies.org/cetacea/aphia.php?p=taxdetails&id=137098
Pygmy sperm whale,Kogiidae,Kogia breviceps,Kogia,Cetacea,515000,22,430,TL,5,275,1,120,,,,,,,,,,,NA,https://www.marinespecies.org/cetacea/aphia.php?p=taxdetails&id=137113
Common bottlenose dolphin,Delphinidae,Tursiops truncatus,Tursiops,Cetacea,650000,67,380,TL,8.5,NA,1,112,,,,,,,,,,,"Sarasota Bay, Florida","https://www.marinespecies.org/cetacea/aphia.php?p=taxdetails&id=137111, https://doi.org/10.1016/B978-0-12-804327-1.00072-8, https://www.sealifebase.ca/summary/Tursiops-truncatus.html, https://doi.org/10.3389/fmars.2025.1531528"
Blainville's beaked whale,Ziphiidae,Mesoplodon densirostris,Mesoplodon,Cetacea,1000000,NA,470,NA,9,NA,1,NA,,,,,,,,,,,NA,"https://www.marinespecies.org/cetacea/aphia.php?p=taxdetails&id=137122, https://doi.org/10.1016/B978-0-12-804327-1.00172-2"
Beluga whale,Monodontodae,Delphinapterus leucas,Delphinapterus,Cetacea,1600000,80,410,TL,10.5,NA,1,NA,,,,,,,,,,,NA,"https://www.marinespecies.org/cetacea/aphia.php?p=taxdetails&id=137115, https://www.sealifebase.ca/summary/Delphinapterus-leucas.html, https://doi.org/10.1016/B978-0-12-804327-1.00065-0"
Narwhal,Monodontodae,Monodon monoceros ,Monodon,Cetacea,1600000,100,420,TL,8.5,340,1,NA,,,,,,,,,,,NA,"https://www.marinespecies.org/cetacea/aphia.php?p=taxdetails&id=137116, https://www.sealifebase.ca/summary/Monodon-monoceros.html, https://doi.org/10.1016/B978-0-12-804327-1.00013-3"
False killer whale,Delphinidae,Pseudorca crassidens,Pseudorca,Cetacea,2000000,65,500,TL,10.5,396.5,1,1.8,,,,,,,,,,,NA,"https://www.marinespecies.org/cetacea/aphia.php?p=taxdetails&id=137104, https://www.sealifebase.ca/summary/Pseudorca-crassidens.html, https://doi.org/10.1016/B978-0-12-804327-1.00006-6"
Long-finned pilot whale,Delphinidae,Globicephala melas,Globicephala,Cetacea,2500000,60,600,TL,8,NA,1,NA,,,,,,,,,,,NA,"https://www.marinespecies.org/cetacea/aphia.php?p=taxdetails&id=137097, https://doi.org/10.1016/B978-0-12-804327-1.00194-1"
Cuviers beaked whale,Ziphiidae,Ziphius cavirostris,Ziphius,Cetacea,3000000,30,700,TL,NA,580,1,NA,,,,,,,,,,,NA,"https://www.marinespecies.org/cetacea/aphia.php?p=taxdetails&id=137127, https://sealifebase.org/summary/Ziphius-cavirostris.html, https://doi.org/10.1016/B978-0-12-804327-1.00100-X"
Killer whale,Delphinidae,Orcinus orca,Orcinus,Cetacea,4700000,90,850,TL,12,615,1,225,,,,,,,,,,,NA,"https://www.marinespecies.org/cetacea/aphia.php?p=taxdetails&id=343990, https://doi.org/10.1016/B978-0-12-804327-1.00010-8, https://www.sealifebase.ca/summary/Orcinus-orca.html"
Baird's beaked whale,Ziphiidae,Berardius bairdii,Berardius,Cetacea,12000000,54,1280,TL,12.5,10.2,1,4.6,,,,,,,,,,,NA,"https://www.marinespecies.org/cetacea/aphia.php?p=taxdetails&id=242608, https://doi.org/10.1016/B978-0-12-804327-1.00066-2, https://sealifebase.org/summary/Berardius-bairdii.html"
Sperm whale,Physeteridae,Physeter macrocephalus,Physeter,Cetacea,15000000,60,1200,TL,9,900,1,400,,,,,,,,,,,NA,"https://www.marinespecies.org/cetacea/aphia.php?p=taxdetails&id=137119, https://www.sealifebase.ca/summary/Physeter-macrocephalus.html, https://doi.org/10.1016/B978-0-12-804327-1.00242-9, https://openknowledge.fao.org/items/cfd56ecd-1af8-4c5d-9158-628ae69ec904"
Pygmy kille whale,Delphinidae,Feresa attenuata,Feresa,Cetacea,NA,NA,260,TL,NA,NA,1,80,,,,,,,,,,,NA,"https://www.marinespecies.org/cetacea/aphia.php?p=taxdetails&id=137095, https://doi.org/10.1016/B978-0-12-804327-1.00210-7"
North Atlantic bottlenose whale,Ziphiidae,Hyperoodon ampullatus,Hyperoodon,Cetacea,NA,37,870,TL,NA,10.5,1,NA,,,,,,,,,,,,"http://marinespecies.org/cetacea/aphia.php?p=taxdetails&id=343899, https://sealifebase.org/summary/Hyperoodon-ampullatus.html"
Indo-Pacific beaked whale,Ziphiidae,Indopacetus pacificus,Indopacetus,Cetacea,NA,22,648,TL,NA,NA,1,NA,,,,,,,,,,,NA,https://www.marinespecies.org/cetacea/aphia.php?p=taxdetails&id=231418
Finless porpoise,Phocoenidae,Neophocaena phocaenoides,Neophocaena,Cetacea,NA,30,227,TL,5,140,1,78.2,,,,,,,,,,,NA,"https://www.marinespecies.org/cetacea/aphia.php?p=taxdetails&id=254985, https://doi.org/10.1016/B978-0-12-804327-1.00129-1, https://www.sealifebase.ca/summary/Neophocaena-phocaenoides.html, https://doi.org/10.1111/j.1748-7692.1993.tb00472.x"
Sheperd's beaked whale,Ziphiidae,Tasmacetus shepherdi,Tasmacetus,Cetacea,NA,23,660,TL,NA,NA,1,NA,,,,,,,,,,,NA,"https://www.marinespecies.org/cetacea/aphia.php?p=taxdetails&id=231433, https://doi.org/10.1016/B978-0-12-804327-1.00227-2, https://sealifebase.org/summary/Tasmacetus-shepherdi.html"
Wahoo,Scombridae,Acanthocybium solandri,Acanthocybium,Teleostei,83000,NA,250,TL,1,85.5,1146395,NA,,,,,,,,,,,,
Black oreo,Oreosomatidae,Allocyttus niger,Allocyttus,Teleostei,1500,153,47,TL,NA,34.5,33500,NA,,,,,,,,,,,,
Warty dory,Oreosomatidae,Allocyttus verrucosus,Allocyttus,Teleostei,2000,140,42.5,TL,NA,20.5,NA,NA,,,,,,,,,,,,
Slender tuna,Scombridae,Allothunnus fallai,Allothunnus,Teleostei,13700,NA,105,FL,NA,NA,NA,NA,,,,,,,,,,,,
Spicule anchovy,Engraulidae,Anchoa spinifer,Anchoa,Teleostei,66.30000305,NA,24,TL,NA,NA,NA,NA,,,,,,,,,,,,
Long snouted lancetfish,Alepisauridae,Alepisaurus ferox,Alepisaurus,Teleostei,9000,NA,215,TL,NA,NA,NA,NA,,,,,,,,,,,,
Blueback shad,Alosidae,Alosa aestivalis,Alosa,Teleostei,200,8,40,SL,3,NA,230391.6667,0.430000019,,,,,,,,,,,,
Allis shad,Alosidae,Alosa alosa,Alosa,Teleostei,4000,10,69,TL,3,37.5,312500,NA,,,,,,,,,,,,
Caspian shad,Alosidae,Alosa caspia,Alosa,Teleostei,250,7,32,TL,3,NA,NA,NA,,,,,,,,,,,,
Skipjack shad,Alosidae,Alosa chrysochloris,Alosa,Teleostei,1700,4,50,SL,NA,NA,NA,NA,,,,,,,,,,,,
Twaite shad,Alosidae,Alosa fallax,Alosa,Teleostei,1500,25,60,SL,3,NA,137500,NA,,,,,,,,,,,,
Caspian anadromous shad,Alosidae,Alosa kessleri,Alosa,Teleostei,1200,8,52,SL,3,32,223500,NA,,,,,,,,,,,,
Black sea shad,Alosidae,Alosa maeotica,Alosa,Teleostei,331.7000122,6,33.20000076,TL,2,13,NA,NA,,,,,,,,,,,,
Alewife,Alosidae,Alosa pseudoharengus,Alosa,Teleostei,200,9,40,SL,2.333333333,10.2750001,102800,0.375,,,,,,,,,,,,
American shad,Alosidae,Alosa sapidissima,Alosa,Teleostei,5500,13,76,TL,3.25,34.39999962,265500,0.78499999,,,,,,,,,,,,
Pacific sand lance,Ammodytidae,Ammodytes hexapterus,Ammodytes,Teleostei,100,11,30,TL,1.666666667,11.22000008,8774.5,NA,,,,,,,,,,,,
Northern wolffish,Anarhichadidae,Anarhichas denticulatus,Anarhichas,Teleostei,20000,NA,180,TL,NA,NA,NA,NA,,,,,,,,,,,,
Short-finned eel,Anguillidae,Anguilla australis,Anguilla,Teleostei,7480,32,130,TL,9,NA,7500000,NA,,,,,,,,,,,,
North Pacific daggertooth,Anotopteridae,Anotopterus nikparini,Anotopterus,Teleostei,1650,NA,146,TL,NA,NA,NA,NA,,,,,,,,,,,,
Blue antimora,Moridae,Antimora rostrata,Antimora,Teleostei,3310,44,75,SL,17,42.20000013,NA,NA,,,,,,,,,,,,
Smooth lumpsucker,Cyclopteridae,Aptocyclus ventricosus,Aptocyclus,Teleostei,2300,NA,41,TL,NA,NA,NA,NA,,,,,,,,,,,,
Lovely hatchetfish,Sternoptychidae,Argyropelecus aculeatus,Argyropelecus,Teleostei,20.89999962,NA,8.300000191,SL,NA,NA,NA,NA,,,,,,,,,,,,
Richardson's snaggletooth,Stomiidae,Astronesthes richardsoni,Astronesthes,Teleostei,32.90000153,NA,17.20000076,SL,NA,NA,NA,NA,,,,,,,,,,,,
Frigate tuna,Scombridae,Auxis thazard,Auxis,Teleostei,1720,5,65,FL,NA,32,702833.3333,0.342999995,,,,,,,,,,,,
Mild meagre,Sciaenidae,Argyrosomus inodorus,Argyrosomus,Teleostei,36300,NA,145,TL,NA,NA,NA,NA,,,,,,,,,,,,
Japanese meagre,Sciaenidae,Argyrosomus japonicus,Argyrosomus,Teleostei,75000,NA,181,TL,6,58.33333333,971000,0.225,,,,,,,,,,,,
Meagre,Sciaenidae,Argyrosomus regius,Argyrosomus,Teleostei,103000,NA,230,TL,NA,80,NA,NA,,,,,,,,,,,,
Carpenter seabream,Sparidae,Argyrozona argyrozona,Argyrozona,Teleostei,3500,27,90,TL,6,26.10000038,1656000,NA,,,,,,,,,,,,
Australian herring,Arripidae,Arripis georgiana,Arripis,Teleostei,800,7,41,FL,2,NA,NA,NA,,,,,,,,,,,,
Australian salmon,Arripidae,Arripis trutta,Arripis,Teleostei,9400,26,89,TL,4,35.33333333,900384,NA,,,,,,,,,,,,
Western Australian salmon,Arripidae,Arripis truttacea,Arripis,Teleostei,10500,9,96,SL,3.5,54,NA,NA,,,,,,,,,,,,
Geelbeck croaker,Sciaenidae,Atractoscion aequidens,Atractoscion,Teleostei,25000,NA,130,TL,NA,58,NA,NA,,,,,,,,,,,,
Garfish,Belonidae,Belone belone,Belone,Teleostei,1418,NA,104,TL,2,45,19251.6,0.9,,,,,,,,,,,,
Vadigo,Carangidae,Campogramma glaycos,Campogramma,Teleostei,2800,NA,60,FL,NA,NA,NA,NA,,,,,,,,,,,,
Green jack,Carangidae,Caranx caballus,Caranx,Teleostei,2810,8,55,FL,1.300000012,17.64999962,NA,NA,,,,,,,,,,,,
Pacific crevalle jack,Carangidae,Caranx caninus,Caranx,Teleostei,17690,15,101,FL,NA,NA,NA,NA,,,,,,,,,,,,
Crevalle jack,Carangidae,Caranx hippos,Caranx,Teleostei,32000,NA,124,TL,NA,NA,NA,NA,,,,,,,,,,,,
Black jack,Carangidae,Caranx lugubris,Caranx,Teleostei,17940,NA,100,TL,NA,36.5,NA,NA,,,,,,,,,,,,
False scad,Carangidae,Caranx rhonchus,Caranx,Teleostei,1000,NA,60,TL,NA,20,735000,NA,,,,,,,,,,,,
Warming's lantern fish,Myctophidae,Ceratoscopelus warmingii,Ceratoscopelus,Teleostei,11.39999962,NA,10.19999981,TL,NA,4.725000024,NA,NA,,,,,,,,,,,,
Splendid alfonsino,Berycidae,Beryx splendens,Beryx,Teleostei,4000,23,70,TL,3,24.5,472500,NA,,,,,,,,,,,,
Atlantic pomfret,Bramidae,Brama brama,Brama,Teleostei,6000,9,100,TL,NA,NA,NA,0.480000019,,,,,,,,,,,,
Pacific pomfret,Bramidae,Brama japonica,Brama,Teleostei,2700,9,61,TL,NA,31,NA,NA,,,,,,,,,,,,
Redfish,Berycidae,Centroberyx affinis,Centroberyx,Teleostei,2000,NA,51,SL,4,20,NA,NA,,,,,,,,,,,,
Swordspine snook,Centropomidae,Centropomus ensiferus,Centropomus,Teleostei,1025,NA,36.20000076,TL,3,NA,1290000,NA,,,,,,,,,,,,
Tarpon snook,Centropomidae,Centropomus pectinatus,Centropomus,Teleostei,1507,NA,56,TL,NA,NA,NA,NA,,,,,,,,,,,,
Yellowfin snook,Centropomidae,Centropomus robalito,Centropomus,Teleostei,626,NA,37.40000153,SL,NA,NA,NA,NA,,,,,,,,,,,,
Pacific viperfish,Stomiidae,Chauliodus macouni,Chauliodus,Teleostei,23.35000038,8,29.29999924,TL,NA,NA,NA,NA,,,,,,,,,,,,
Atlantic bumper,Carangidae,Chloroscombrus chrysurus,Chloroscombrus,Teleostei,121,NA,65,TL,NA,10,NA,NA,,,,,,,,,,,,
Cisco,Salmonidae,Coregonus artedi,Coregonus,Teleostei,3350,11,57,TL,4.333333333,NA,21774.5,NA,,,,,,,,,,,,
Sardine cisco,Salmonidae,Coregonus sardinella,Coregonus,Teleostei,555,26,47,TL,3.6,NA,32350,NA,,,,,,,,,,,,
Mackerel icefish,Channichthyidae,Champsocephalus gunnari,Champsocephalus,Teleostei,2000,NA,66,TL,4,23.625,8435.151099,1.36500001,,,,,,,,,,,,
Milkfish,Chanidae,Chanos chanos,Chanos,Teleostei,14000,15,180,SL,4.333333333,68,1070833.333,0.4,,,,,,,,,,,,
Ocellated icefish,Channichthyidae,Chionodraco rastrospinosus,Chionodraco,Teleostei,499.2000122,NA,52,TL,NA,NA,3321,2.25,,,,,,,,,,,,
Dogtooth herring,Pristigasteridae,Chirocentrodon bleekerianus,Chirocentrodon,Teleostei,19.29999924,NA,16.10000038,TL,NA,NA,NA,NA,,,,,,,,,,,,
Whitefin wolf-herring,Chirocentridae,Chirocentrus nudus,Chirocentrus,Teleostei,410,NA,100,SL,NA,NA,NA,NA,,,,,,,,,,,,
Atlantic herring,Clupeidae,Clupea harengus,Clupea,Teleostei,1050,25,45,SL,2.555555556,21.41999998,43052.24621,0.63499999,,,,,,,,,,,,
Amur whitefish,Salmonidae,Coregonus ussuriensis,Coregonus,Teleostei,2100,10,60,TL,5,NA,33300,NA,,,,,,,,,,,,
Lumpfish,Cyclopteridae,Cyclopterus lumpus,Cyclopterus,Teleostei,9500,13,61,TL,3.25,NA,97827,0.5,,,,,,,,,,,,
Indian scad,Carangidae,Decapterus russelli,Decapterus,Teleostei,110,12,45,TL,NA,15,45097.75,NA,,,,,,,,,,,,
Patagonian toothfish,Nototheniidae,Dissostichus eleginoides,Dissostichus,Teleostei,9600,31,215,TL,6,38,391989.5,1.4,,,,,,,,,,,,
Antarctic toothfish,Nototheniidae,Dissostichus mawsoni,Dissostichus,Teleostei,80000,39,200,TL,9.300000191,NA,907640,NA,,,,,,,,,,,,
Common dolphinfish,Coryphaenidae,Coryphaena hippurus,Coryphaena,Teleostei,40000,4,210,TL,0.401666671,43.1,350746,0.395000005,,,,,,,,,,,,
Roundnose grenadier,Macrouridae,Coryphaenoides rupestris,Coryphaenoides,Teleostei,1690,54,110,TL,9,50,28756.52679,NA,,,,,,,,,,,,
Shadow driftfish,Nomeidae,Cubiceps whiteleggii,Cubiceps,Teleostei,110,NA,21,SL,NA,NA,NA,NA,,,,,,,,,,,,
Pink dentex,Sparidae,Dentex gibbosus,Dentex,Teleostei,16420,NA,106,FL,NA,NA,NA,NA,,,,,,,,,,,,
Golden mojarra,Gerreidae,Deckertichthys aureolus,Deckertichthys,Teleostei,53,NA,15,SL,NA,NA,NA,NA,,,,,,,,,,,,
Common dentex,Sparidae,Dentex dentex,Dentex,Teleostei,14250,NA,100,TL,2,NA,NA,0.379999995,,,,,,,,,,,,
Annular seabream,Sparidae,Diplodus annularis,Diplodus,Teleostei,330,17,28,TL,1.75,8.239999962,78347.25,NA,,,,,,,,,,,,
Sharpsnout seabream,Sparidae,Diplodus puntazzo,Diplodus,Teleostei,1680,NA,60,TL,NA,NA,484954.5,NA,,,,,,,,,,,,
Common two-banded seabream,Sparidae,Diplodus vulgaris,Diplodus,Teleostei,1300,NA,45,TL,NA,NA,73154,NA,,,,,,,,,,,,
Kawakawa,Scombridae,Euthynnus affinis,Euthynnus,Teleostei,14000,6,100,FL,3,45,434227,NA,,,,,,,,,,,,
Little tunny,Scombridae,Euthynnus alletteratus,Euthynnus,Teleostei,16500,10,122,TL,NA,48.50000064,1135500,NA,,,,,,,,,,,,
Black skipjack,Scombridae,Euthynnus lineatus,Euthynnus,Teleostei,9120,NA,84,FL,NA,NA,NA,NA,,,,,,,,,,,,
Fourfinger threadfin,Polynemidae,Eleutheronema tetradactylum,Eleutheronema,Teleostei,145000,NA,200,TL,NA,25.25,681221,NA,,,,,,,,,,,,
Hawaiian ladyfish,Elopidae,Elops hawaiensis,Elops,Teleostei,10060,NA,120,SL,NA,NA,NA,NA,,,,,,,,,,,,
Tenpounder,Elopidae,Elops machnata,Elops,Teleostei,10800,NA,118,FL,NA,NA,NA,NA,,,,,,,,,,,,
Senegalese ladyfish,Elopidae,Elops senegalensis,Elops,Teleostei,5900,NA,90,TL,NA,NA,NA,NA,,,,,,,,,,,,
Tropical pomfret,Bramidae,Eumegistus brevorti,Eumegistus,Teleostei,3060,NA,61,FL,NA,NA,NA,NA,,,,,,,,,,,,
Silvery pout,Gadidae,Gadiculus argenteus,Gadiculus,Teleostei,48.97999954,3,16.10000038,TL,NA,NA,NA,NA,,,,,,,,,,,,
Alaska pollock,Gadidae,Gadus chalcogrammus,Gadus,Teleostei,3850,28,91,TL,3.666666667,30,1467841.667,NA,,,,,,,,,,,,
Atlantic cod,Gadidae,Gadus morhua,Gadus,Teleostei,96000,25,200,TL,3.625,51.00370372,4122587.687,0.4505,,,,,,,,,,,,
Grape-eye seabass,Malakichthyidae,Hemilutjanus macrophthalmos,Hemilutjanus,Teleostei,1741,NA,50,SL,NA,NA,NA,NA,,,,,,,,,,,,
Longfin halfbeak,Hemiramphidae,Hemiramphus saltator,Hemiramphus,Teleostei,223.25,NA,48,TL,NA,NA,NA,0.5,,,,,,,,,,,,
Orange roughy,Trachichthyidae,Hoplostethus atlanticus,Hoplostethus,Teleostei,7000,149,75,TL,10.2,26.85714286,80286,NA,,,,,,,,,,,,
Bluenose warehou,Centrolophidae,Hyperoglyphe antarctica,Hyperoglyphe,Teleostei,63000,15,140,TL,5.5,58.5,6150000,NA,,,,,,,,,,,,
Pacific barrelfish,Centrolophidae,Hyperoglyphe japonica,Hyperoglyphe,Teleostei,10200,NA,90,TL,NA,NA,NA,NA,,,,,,,,,,,,
Barrelfish,Centrolophidae,Hyperoglyphe perciformis,Hyperoglyphe,Teleostei,12300,NA,91,TL,NA,NA,NA,NA,,,,,,,,,,,,
Hawaiian grouper,Epinephelidae,Hyporthodus quernus,Hyporthodus,Teleostei,22650,NA,122,TL,NA,NA,NA,NA,,,,,,,,,,,,
Skipjack tuna,Scombridae,Katsuwonus pelamis,Katsuwonus,Teleostei,34500,12,110,FL,1,42.9,2464079.125,NA,,,,,,,,,,,,
Smooth puffer,Tetraodontidae,Lagocephalus laevigatus,Lagocephalus,Teleostei,4870,NA,100,TL,NA,NA,NA,NA,,,,,,,,,,,,
Oceanic puffer,Tetraodontidae,Lagocephalus lagocephalus,Lagocephalus,Teleostei,3170,NA,61,TL,NA,NA,NA,NA,,,,,,,,,,,,
Silver scabbardfish,Trichiuridae,Lepidopus caudatus,Lepidopus,Teleostei,8000,8,210,TL,NA,91,NA,0.6,,,,,,,,,,,,
Pacific scabbardfish,Trichiuridae,Lepidopus fitchi,Lepidopus,Teleostei,1400,NA,210,SL,NA,NA,NA,NA,,,,,,,,,,,,
West African ilisha,Pristigasteridae,Ilisha africana,Ilisha,Teleostei,144,NA,30,SL,NA,13.5,11801.5,NA,,,,,,,,,,,,
Elongate ilisha,Pristigasteridae,Ilisha elongata,Ilisha,Teleostei,140,NA,60,TL,NA,NA,146550,NA,,,,,,,,,,,,
Black marlin,Istiophoridae,Istiompax indica,Istiompax,Teleostei,750000,NA,465,FL,NA,NA,84500000,NA,,,,,,,,,,,,
Atlantic sailfish,Istiophoridae,Istiophorus albicans,Istiophorus,Teleostei,58100,3.5,315,TL,NA,118,6575000,NA,,,,,,,,,,,,
Indo-Pacific sailfish,Istiophoridae,Istiophorus platypterus,Istiophorus,Teleostei,100240,13,348,FL,NA,NA,NA,NA,,,,,,,,,,,,
Atlantic white marlin,Istiophoridae,Kajikia albida,Kajikia,Teleostei,82500,NA,300,TL,NA,130,NA,NA,,,,,,,,,,,,
Striped marlin,Istiophoridae,Kajikia audax,Kajikia,Teleostei,440000,9,420,TL,2,180,18030625.75,NA,,,,,,,,,,,,
Opah,Lampridae,Lampris guttatus,Lampris,Teleostei,270000,NA,100.5,SL,NA,NA,8450000,NA,,,,,,,,,,,,
Southern opah,Lampridae,Lampris immaculatus,Lampris,Teleostei,30000,NA,110,TL,NA,NA,NA,NA,,,,,,,,,,,,
Large yellow croaker,Sciaenidae,Larimichthys crocea,Larimichthys,Teleostei,243.6000061,6,80,TL,NA,17,NA,0.257999992,,,,,,,,,,,,
Yellow croaker,Sciaenidae,Larimichthys polyactis,Larimichthys,Teleostei,189.8000031,23,40,SL,NA,NA,14729,NA,,,,,,,,,,,,
Escolar,Gempylidae,Lepidocybium flavobrunneum,Lepidocybium,Teleostei,45000,NA,200,SL,NA,NA,NA,NA,,,,,,,,,,,,
Leerfish,Carangidae,Lichia amia,Lichia,Teleostei,50000,NA,200,TL,NA,60,NA,NA,,,,,,,,,,,,
Atlantic sabretooth anchovy,Engraulidae,Lycengraulis grossidens,Lycengraulis,Teleostei,57,NA,23.5,SL,NA,NA,3752,NA,,,,,,,,,,,,
Tripletail,Lobotidae,Lobotes surinamensis,Lobotes,Teleostei,19200,NA,110,TL,NA,NA,NA,NA,,,,,,,,,,,,
Luvar,Luvaridae,Luvarus imperialis,Luvarus,Teleostei,150000,NA,200,TL,NA,NA,NA,NA,,,,,,,,,,,,
Whitson's grenadier,Macrouridae,Macrourus whitsoni,Macrourus,Teleostei,5100,NA,84,TL,NA,NA,NA,NA,,,,,,,,,,,,
Patagonian grenadier,Macruronidae,Macruronus magellanicus,Macruronus,Teleostei,5000,19,115,TL,NA,55.44999886,NA,NA,,,,,,,,,,,,
Blue grenadier,Macruronidae,Macruronus novaezelandiae,Macruronus,Teleostei,1500,25,120,TL,3.5,63.6,NA,0.225,,,,,,,,,,,,
Indo-Pacific blue marlin,Istiophoridae,Makaira mazara,Makaira,Teleostei,170000,28,500,TL,4,130,65200000,NA,,,,,,,,,,,,
Blue marlin,Istiophoridae,Makaira nigricans,Makaira,Teleostei,636000,20,500,TL,NA,65,7805000,NA,,,,,,,,,,,,
Capelin,Osmeridae,Mallotus villosus,Mallotus,Teleostei,52,10,20,TL,2,13,15912.70673,0.7,,,,,,,,,,,,
Sharptail mola,Molidae,Masturus lanceolatus,Masturus,Teleostei,2.00E+06,NA,337,TL,NA,NA,NA,NA,,,,,,,,,,,,
Indo-Pacific tarpon,Megalopidae,Megalops cyprinoides,Megalops,Teleostei,18000,44,150,TL,NA,25,NA,NA,,,,,,,,,,,,
Whiting,Gadidae,Merlangius merlangus,Merlangius,Teleostei,3110,20,91.5,TL,1.6,28,284603.4667,0.329999995,,,,,,,,,,,,
North Pacific hake,Merlucciidae,Merluccius productus,Merluccius,Teleostei,4200,16,83,TL,3.266666651,35.25,277250,NA,,,,,,,,,,,,
Spiky oreo,Oreosomatidae,Neocyttus rhomboidalis,Neocyttus,Teleostei,2000,100,40,SL,NA,28.5,NA,NA,,,,,,,,,,,,
Southern blue whiting,Gadidae,Micromesistius australis,Micromesistius,Teleostei,850,30,90,TL,3,34.66666667,354423.3333,NA,,,,,,,,,,,,
Blue whiting,Gadidae,Micromesistius poutassou,Micromesistius,Teleostei,830,20,55.5,TL,3.333333333,22.5,76800,0.20999999,,,,,,,,,,,,
Ocean sunfish,Molidae,Mola mola,Mola,Teleostei,1320000,NA,333,TL,NA,NA,NA,NA,,,,,,,,,,,,
White perch,Moronidae,Morone americana,Morone,Teleostei,2720,16,58,TL,2.5,NA,152946.1667,NA,,,,,,,,,,,,
Jonah's icefish,Channichthyidae,Neopagetopsis ionah,Neopagetopsis,Teleostei,1081.5,NA,56,TL,NA,NA,2655,NA,,,,,,,,,,,,
Blackfin sorcerer,Nettastomatidae,Nettastoma melanura,Nettastoma,Teleostei,255.5,NA,79.80000305,TL,NA,43.29999924,13443.5,0.7,,,,,,,,,,,,
Yellow drum,Sciaenidae,Nibea albiflora,Nibea,Teleostei,1479,4,43.5,SL,NA,NA,NA,NA,,,,,,,,,,,,
NA,Ariidae,Notarius luniscutis,Notarius,Teleostei,144,NA,120,TL,NA,NA,NA,NA,,,,,,,,,,,,
Maracaibo leatherjacket,Carangidae,Oligoplites palometa,Oligoplites,Teleostei,900,NA,49.70000076,TL,NA,NA,NA,NA,,,,,,,,,,,,
Shortjaw leatherjacket,Carangidae,Oligoplites refulgens,Oligoplites,Teleostei,145.2400055,NA,28.20000076,TL,NA,NA,NA,NA,,,,,,,,,,,,
Castin leatherjacket,Carangidae,Oligoplites saliens,Oligoplites,Teleostei,900,NA,50,TL,NA,NA,NA,NA,,,,,,,,,,,,
Chum salmon,Salmonidae,Oncorhynchus keta,Oncorhynchus,Teleostei,18140,7,100,FL,2,NA,2750,NA,,,,,,,,,,,,
Coho salmon,Salmonidae,Oncorhynchus kisutch,Oncorhynchus,Teleostei,15170,5,107.9499969,TL,2.5,NA,3484.125,NA,,,,,,,,,,,,
Masu salmon,Salmonidae,Oncorhynchus masou,Oncorhynchus,Teleostei,10000,NA,79,TL,3,NA,2070,NA,,,,,,,,,,,,
Rainbow trout,Salmonidae,Oncorhynchus mykiss,Oncorhynchus,Teleostei,25850,11,122,TL,2.571428571,15,4983,NA,,,,,,,,,,,,
Sockeye salmon,Salmonidae,Oncorhynchus nerka,Oncorhynchus,Teleostei,7710,8,84,TL,NA,NA,1683,NA,,,,,,,,,,,,
Chinook salmon,Salmonidae,Oncorhynchus tshawytscha,Oncorhynchus,Teleostei,61400,9,150,TL,3,NA,6604.285714,NA,,,,,,,,,,,,
Plain bonito,Scombridae,Orcynopsis unicolor,Orcynopsis,Teleostei,13100,NA,130,FL,NA,70,NA,NA,,,,,,,,,,,,
Bulb-fish,Oneirodidae,Oneirodes bulbosus,Oneirodes,Teleostei,450,NA,23,TL,NA,NA,NA,NA,,,,,,,,,,,,
Alaska dreamer,Oneirodidae,Oneirodes thompsoni,Oneirodes,Teleostei,400,NA,21,TL,NA,NA,NA,NA,,,,,,,,,,,,
Tardoore,Pristigasteridae,Opisthopterus tardoore,Opisthopterus,Teleostei,87,NA,23,TL,NA,NA,NA,NA,,,,,,,,,,,,
Pacific rainbow smelt,Osmeridae,Osmerus dentex,Osmerus,Teleostei,119,11,34,SL,3.666666667,14,35750,0.55,,,,,,,,,,,,
European smelt,Osmeridae,Osmerus eperlanus,Osmerus,Teleostei,178,10,45,TL,2,NA,26937.5,0.530000019,,,,,,,,,,,,
Tigertooth croaker,Sciaenidae,Otolithes ruber,Otolithes,Teleostei,7000,5,90,TL,1.12499997,28,86142,NA,,,,,,,,,,,,
Blackspot seabream,Sparidae,Pagellus bogaraveo,Pagellus,Teleostei,4000,15,70,SL,4,22,496250,0.370000005,,,,,,,,,,,,
Common pandora,Sparidae,Pagellus erythrinus,Pagellus,Teleostei,3240,NA,60,SL,1.75,13.25,100781.6667,NA,,,,,,,,,,,,
Southern common seabream,Sparidae,Pagrus africanus,Pagrus,Teleostei,5550,NA,75,TL,NA,NA,NA,NA,,,,,,,,,,,,
Bluespotted seabream,Sparidae,Pagrus caeruleostictus,Pagrus,Teleostei,11620,NA,90,SL,NA,15.66666667,NA,NA,,,,,,,,,,,,
Red porgy,Sparidae,Pagrus pagrus,Pagrus,Teleostei,7720,26,91,TL,1.699999988,23.49999936,268630,0.25,,,,,,,,,,,,
Japanese huchen,Salmonidae,Parahucho perryi,Parahucho,Teleostei,24000,16,200,TL,10,NA,NA,NA,,,,,,,,,,,,
Magellanic rockcod,Nototheniidae,Paranotothenia magellanica,Paranotothenia,Teleostei,1451,NA,43,TL,NA,NA,65000,NA,,,,,,,,,,,,
Slender armorhead,Pentacerotidae,Pentaceros wheeleri,Pentaceros,Teleostei,1200,11,44,TL,NA,NA,NA,NA,,,,,,,,,,,,
Kelp bass,Serranidae,Paralabrax clathratus,Paralabrax,Teleostei,7000,34,72,TL,NA,NA,NA,NA,,,,,,,,,,,,
Peruvian rock seabass,Serranidae,Paralabrax humeralis,Paralabrax,Teleostei,2462,NA,54.5,TL,NA,NA,NA,NA,,,,,,,,,,,,
American coastal pellona,Pristigasteridae,Pellona harroweri,Pellona,Teleostei,33,NA,18,TL,NA,NA,NA,NA,,,,,,,,,,,,
Smalltoothed pellonula,Dorosomatidae,Pellonula leonensis,Pellonula,Teleostei,13.5,NA,12.10000038,TL,NA,2.75,1475,NA,,,,,,,,,,,,
Greater forkbeard,Phycidae,Phycis blennoides,Phycis,Teleostei,3540,20,110,TL,3,22.5,NA,0.220000005,,,,,,,,,,,,
Forkbeard,Phycidae,Phycis phycis,Phycis,Teleostei,3910,NA,65,TL,NA,30,5427502.75,NA,,,,,,,,,,,,
Antarctic silverfish,Nototheniidae,Pleuragramma antarcticum,Pleuragramma,Teleostei,200,20,26.60000038,TL,3,12.75,7500,0.9,,,,,,,,,,,,
Parrot grunt,Haemulidae,Pomadasys perotaei,Pomadasys,Teleostei,554,NA,36,TL,NA,NA,NA,NA,,,,,,,,,,,,
Crimson jobfish,Lutjanidae,Pristipomoides filamentosus,Pristipomoides,Teleostei,8154,44,100,TL,NA,37.19999949,NA,NA,,,,,,,,,,,,
Lavender jobfish,Lutjanidae,Pristipomoides sieboldii,Pristipomoides,Teleostei,8400,NA,79,TL,NA,NA,NA,NA,,,,,,,,,,,,
Oblique-banded snapper,Lutjanidae,Pristipomoides zonatus,Pristipomoides,Teleostei,1812,NA,57.5,FL,NA,NA,NA,NA,,,,,,,,,,,,
Pollack,Gadidae,Pollachius pollachius,Pollachius,Teleostei,18140,8,130,TL,NA,34.39999962,NA,NA,,,,,,,,,,,,
Arabian blackspot threadfin,Polynemidae,Polydactylus mullani,Polydactylus,Teleostei,135,NA,22.20000076,TL,NA,NA,NA,NA,,,,,,,,,,,,
Bluefish,Pomatomidae,Pomatomus saltatrix,Pomatomus,Teleostei,14400,14,130,TL,2,30,537443,0.21500001,,,,,,,,,,,,
Greenland halibut,Pleuronectidae,Reinhardtius hippoglossoides,Reinhardtius,Teleostei,7000,36,110,TL,8.949999968,61.25,28100,NA,,,,,,,,,,,,
Purplemouth grunt,Haemulidae,Rhonciscus bayanus,Rhonciscus,Teleostei,1580,NA,51,TL,NA,NA,NA,NA,,,,,,,,,,,,
Atlantic salmon,Salmonidae,Salmo salar,Salmo,Teleostei,46764,13,150,TL,2.15,33.75,9605.7,NA,,,,,,,,,,,,
Sea trout,Salmonidae,Salmo trutta,Salmo,Teleostei,50000,38,140,SL,2.529629628,49.75499996,2712.777778,1.2,,,,,,,,,,,,
Arctic char,Salmonidae,Salvelinus alpinus,Salvelinus,Teleostei,15000,40,107,TL,4,NA,3632.125,NA,,,,,,,,,,,,
Brook trout,Salmonidae,Salvelinus fontinalis,Salvelinus,Teleostei,8000,24,86,SL,1.8,NA,1469.25,NA,,,,,,,,,,,,
Whitespotted char,Salmonidae,Salvelinus leucomaenis,Salvelinus,Teleostei,15000,9,120,TL,3,NA,2260.5,NA,,,,,,,,,,,,
Dolly varden,Salmonidae,Salvelinus malma,Salvelinus,Teleostei,18300,NA,127,TL,4,16,NA,NA,,,,,,,,,,,,
Australian bonito,Scombridae,Sarda australis,Sarda,Teleostei,9400,NA,180,FL,NA,NA,NA,NA,,,,,,,,,,,,
Eastern Pacific bonito,Scombridae,Sarda chiliensis,Sarda,Teleostei,11300,NA,102,TL,2,49,NA,NA,,,,,,,,,,,,
Pacific bonito,Scombridae,Sarda lineolata,Sarda,Teleostei,11300,NA,102,FL,NA,NA,NA,NA,,,,,,,,,,,,
Striped bonito,Scombridae,Sarda orientalis,Sarda,Teleostei,10650,NA,102,FL,1,44,404048,NA,,,,,,,,,,,,
Atlantic bonito,Scombridae,Sarda sarda,Sarda,Teleostei,11000,5,91.40000153,FL,NA,40,101717,0.430000019,,,,,,,,,,,,
King of herrings,Regalecidae,Regalecus glesne,Regalecus,Teleostei,272000,NA,800,TL,NA,NA,NA,0.7,,,,,,,,,,,,
Silver gemfish,Gempylidae,Rexea solandri,Rexea,Teleostei,16000,16,110,SL,4,55,2250000,NA,,,,,,,,,,,,
Oilfish,Gempylidae,Ruvettus pretiosus,Ruvettus,Teleostei,63500,NA,300,TL,NA,NA,NA,NA,,,,,,,,,,,,
Blue mackerel,Scombridae,Scomber australasicus,Scomber,Teleostei,1360,NA,44,FL,NA,NA,NA,NA,,,,,,,,,,,,
Chub mackerel,Scombridae,Scomber japonicus,Scomber,Teleostei,2900,18,64,TL,2,30.25,540129.375,0.270000005,,,,,,,,,,,,
Atlantic mackerel,Scombridae,Scomber scombrus,Scomber,Teleostei,3400,17,60,FL,1.75,30,490260.2175,0.318000007,,,,,,,,,,,,
King mackerel,Scombridae,Scomberomorus cavalla,Scomberomorus,Teleostei,45000,26,184,TL,2,64.625,2923275.083,NA,,,,,,,,,,,,
Narrow-barred Spanish mackerel,Scombridae,Scomberomorus commerson,Scomberomorus,Teleostei,70000,22,240,FL,1.8,71.5625,771666.6667,NA,,,,,,,,,,,,
Indo-Pacific king mackerel,Scombridae,Scomberomorus guttatus,Scomberomorus,Teleostei,4000,NA,81.5,FL,NA,40.25,123685,NA,,,,,,,,,,,,
Korean seerfish,Scombridae,Scomberomorus koreanus,Scomberomorus,Teleostei,15000,NA,150,FL,NA,75,NA,NA,,,,,,,,,,,,
Atlantic Spanish mackerel,Scombridae,Scomberomorus maculatus,Scomberomorus,Teleostei,5890,5,91,FL,NA,30.9307697,846500,NA,,,,,,,,,,,,
Australian spotted mackerel,Scombridae,Scomberomorus munroi,Scomberomorus,Teleostei,10206,NA,104,FL,1,53.66666667,NA,NA,,,,,,,,,,,,
Japanese Spanish mackerel,Scombridae,Scomberomorus niphonius,Scomberomorus,Teleostei,8010,NA,113.1999969,TL,NA,NA,710000,NA,,,,,,,,,,,,
Kanadi kingfish,Scombridae,Scomberomorus plurilineatus,Scomberomorus,Teleostei,12500,NA,120,FL,NA,80,NA,NA,,,,,,,,,,,,
Queensland school mackerel,Scombridae,Scomberomorus queenslandicus,Scomberomorus,Teleostei,12247,NA,100,FL,1,45.5,NA,NA,,,,,,,,,,,,
Broad-barred king mackerel,Scombridae,Scomberomorus semifasciatus,Scomberomorus,Teleostei,10000,NA,120,FL,1,69.5,NA,NA,,,,,,,,,,,,
Pacific sierra,Scombridae,Scomberomorus sierra,Scomberomorus,Teleostei,8160,NA,99,FL,NA,26,NA,NA,,,,,,,,,,,,
Chinese seerfish,Scombridae,Scomberomorus sinensis,Scomberomorus,Teleostei,131,NA,247,TL,NA,NA,NA,NA,,,,,,,,,,,,
West African Spanish mackerel,Scombridae,Scomberomorus tritor,Scomberomorus,Teleostei,6000,5,100,TL,NA,31,1.00E+06,NA,,,,,,,,,,,,
Golden redfish,Sebastidae,Sebastes norvegicus,Sebastes,Teleostei,15000,60,100,TL,10,29.8,132369.375,0.694999981,,,,,,,,,,,,
Atlantic moonfish,Carangidae,Selene setapinnis,Selene,Teleostei,4600,NA,60,TL,NA,NA,NA,NA,,,,,,,,,,,,
Lesser amberjack,Carangidae,Seriola fasciata,Seriola,Teleostei,4600,NA,67.5,FL,NA,NA,NA,NA,,,,,,,,,,,,
Samson fish,Carangidae,Seriola hippos,Seriola,Teleostei,53100,NA,150,TL,NA,NA,NA,NA,,,,,,,,,,,,
Yellowtail amberjack,Carangidae,Seriola lalandi,Seriola,Teleostei,96840,12,250,TL,2,50.59999847,NA,NA,,,,,,,,,,,,
Banded rudderfish,Carangidae,Seriola zonata,Seriola,Teleostei,5200,NA,75,TL,NA,NA,NA,NA,,,,,,,,,,,,
Common hairfin anchovy,Engraulidae,Setipinna tenuifilis,Setipinna,Teleostei,44.25,NA,22,SL,NA,NA,NA,NA,,,,,,,,,,,,
Gnomefish,Scombropidae,Scombrops boops,Scombrops,Teleostei,16100,NA,150,TL,NA,NA,NA,NA,,,,,,,,,,,,
Common warehou,Centrolophidae,Seriolella brama,Seriolella,Teleostei,4000,15,76,TL,3,30,285000,NA,,,,,,,,,,,,
Guinean barracuda,Sphyraenidae,Sphyraena afra,Sphyraena,Teleostei,50000,NA,205,TL,NA,NA,NA,NA,,,,,,,,,,,,
Pacific barracuda,Sphyraenidae,Sphyraena argentea,Sphyraena,Teleostei,12020,12,145,FL,NA,NA,263000,NA,,,,,,,,,,,,
Mexican barracuda,Sphyraenidae,Sphyraena ensis,Sphyraena,Teleostei,9520,NA,127,FL,NA,NA,NA,NA,,,,,,,,,,,,
Guachanche barracuda,Sphyraenidae,Sphyraena guachancho,Sphyraena,Teleostei,1750,NA,200,TL,NA,35,NA,NA,,,,,,,,,,,,
European barracuda,Sphyraenidae,Sphyraena sphyraena,Sphyraena,Teleostei,3620,NA,165,TL,NA,NA,75115.5,0.35,,,,,,,,,,,,
Yellowmouth barracuda,Sphyraenidae,Sphyraena viridensis,Sphyraena,Teleostei,8200,NA,128,FL,NA,NA,NA,NA,,,,,,,,,,,,
Blotched picarel,Sparidae,Spicara maena,Spicara,Teleostei,160,NA,25,SL,NA,NA,29448,NA,,,,,,,,,,,,
Black seabream,Sparidae,Spondyliosoma cantharus,Spondyliosoma,Teleostei,1220,NA,60,SL,2,22,152691,0.2,,,,,,,,,,,,
Diaphanous hatchet fish,Sternoptychidae,Sternoptyx diaphana,Sternoptyx,Teleostei,6.900000095,NA,5.5,SL,NA,NA,NA,NA,,,,,,,,,,,,
Albacore,Scombridae,Thunnus alalunga,Thunnus,Teleostei,60320,9,140,FL,4.666666667,86.44444444,1070000,0.25,,,,,,,,,,,,
Yellowfin tuna,Scombridae,Thunnus albacares,Thunnus,Teleostei,2.00E+05,9,239,FL,2.875,93.8,2500000,NA,,,,,,,,,,,,
Blackfin tuna,Scombridae,Thunnus atlanticus,Thunnus,Teleostei,20630,NA,107.9499969,FL,NA,50,NA,NA,,,,,,,,,,,,
Southern bluefin tuna,Scombridae,Thunnus maccoyii,Thunnus,Teleostei,260000,20,245,FL,8,120,14500000,NA,,,,,,,,,,,,
Bigeye tuna,Scombridae,Thunnus obesus,Thunnus,Teleostei,210000,11,250,TL,3,97.6,6932258,NA,,,,,,,,,,,,
Atlantic bluefin tuna,Scombridae,Thunnus thynnus,Thunnus,Teleostei,684000,32,458,TL,5.333333333,130.5,26808750,0.3,,,,,,,,,,,,
Longtail tuna,Scombridae,Thunnus tonggol,Thunnus,Teleostei,35900,18.70000076,145,FL,NA,NA,699142,NA,,,,,,,,,,,,
Florida pompano,Carangidae,Trachinotus carolinus,Trachinotus,Teleostei,3760,7,64,TL,NA,24,NA,NA,,,,,,,,,,,,
Pompano,Carangidae,Trachinotus ovatus,Trachinotus,Teleostei,2800,NA,70,TL,NA,NA,NA,NA,,,,,,,,,,,,
Shortfin pompano,Carangidae,Trachinotus teraia,Trachinotus,Teleostei,8250,NA,68,TL,NA,19,NA,NA,,,,,,,,,,,,
Atlantic horse mackerel,Carangidae,Trachurus trachurus,Trachurus,Teleostei,2000,NA,70,TL,3.333333333,23.55555556,274868.2386,0.220000005,,,,,,,,,,,,
Largehead hairtail,Trichiuridae,Trichiurus lepturus,Trichiurus,Teleostei,5000,NA,234,TL,1.75,45.42857143,22633,NA,,,,,,,,,,,,
NA,Belonidae,Strongylura anastomella,Strongylura,Teleostei,1000,NA,100,TL,NA,NA,NA,NA,,,,,,,,,,,,
Hilsa shad,Dorosomatidae,Tenualosa ilisha,Tenualosa,Teleostei,680,5,60,SL,1.5,21.76666705,903441.25,NA,,,,,,,,,,,,
Shortbill spearfish,Istiophoridae,Tetrapturus angustirostris,Tetrapturus,Teleostei,52000,NA,230,TL,NA,NA,NA,NA,,,,,,,,,,,,
Mediterranean spearfish,Istiophoridae,Tetrapturus belone,Tetrapturus,Teleostei,70000,NA,240,TL,NA,NA,NA,NA,,,,,,,,,,,,
Longbill spearfish,Istiophoridae,Tetrapturus pfluegeri,Tetrapturus,Teleostei,58000,NA,254,FL,NA,NA,NA,NA,,,,,,,,,,,,
Snoek,Gempylidae,Thyrsites atun,Thyrsites,Teleostei,6000,10,200,SL,2,50,NA,NA,,,,,,,,,,,,
Totoaba,Sciaenidae,Totoaba macdonaldi,Totoaba,Teleostei,1.00E+05,24,200,TL,NA,NA,NA,NA,,,,,,,,,,,,
Mexican needlefish,Belonidae,Tylosurus fodiator,Tylosurus,Teleostei,9860,NA,134,TL,NA,NA,NA,NA,,,,,,,,,,,,
Swordfish,Xiphiidae,Xiphias gladius,Xiphias,Teleostei,650000,NA,455,FL,5,153,7333333.333,0.419999981,,,,,,,,,,,,
Silvery John dory,Zeidae,Zenopsis conchifer,Zenopsis,Teleostei,3200,NA,80,TL,NA,NA,NA,NA,,,,,,,,,,,,
John dory,Zeidae,Zeus faber,Zeus,Teleostei,8000,12,90,TL,3,25,NA,0.430000019,,,,,,,,,,,,
,,,,,,,,,,,,,,,,,,,,,,,,
,,,,,,,,,,,,,,,,,,,,,,,,
,,,,,,,,,,,,,,,,,,,,,,,,
,,,,,,,,,,,,,,,,,,,,,,,,
,,,,,,,,,,,,,,,,,,,,,,,,
,,,,,,,,,,,,,,,,,,,,,,,,
,,,,,,,,,,,,,,,,,,,,,,,,
,,,,,,,,,,,,,,,,,,,,,,,,
,,,,,,,,,,,,,,,,,,,,,,,,
,,,,,,,,,,,,,,,,,,,,,,,,
,,,,,,,,,,,,,,,,,,,,,,,,
,,,,,,,,,,,,,,,,,,,,,,,,
,,,,,,,,,,,,,,,,,,,,,,,,
,,,,,,,,,,,,,,,,,,,,,,,,
,,,,,,,,,,,,,,,,,,,,,,,,
,,,,,,,,,,,,,,,,,,,,,,,,
,,,,,,,,,,,,,,,,,,,,,,,,
,,,,,,,,,,,,,,,,,,,,,,,,
,,,,,,,,,,,,,,,,,,,,,,,,
,,,,,,,,,,,,,,,,,,,,,,,,
,,,,,,,,,,,,,,,,,,,,,,,,
,,,,,,,,,,,,,,,,,,,,,,,,
,,,,,,,,,,,,,,,,,,,,,,,,
,,,,,,,,,,,,,,,,,,,,,,,,
,,,,,,,,,,,,,,,,,,,,,,,,
,,,,,,,,,,,,,,,,,,,,,,,,
,,,,,,,,,,,,,,,,,,,,,,,,
,,,,,,,,,,,,,,,,,,,,,,,,
,,,,,,,,,,,,,,,,,,,,,,,,
,,,,,,,,,,,,,,,,,,,,,,,,
,,,,,,,,,,,,,,,,,,,,,,,,
,,,,,,,,,,,,,,,,,,,,,,,,
,,,,,,,,,,,,,,,,,,,,,,,,
,,,,,,,,,,,,,,,,,,,,,,,,
,,,,,,,,,,,,,,,,,,,,,,,,
,,,,,,,,,,,,,,,,,,,,,,,,
,,,,,,,,,,,,,,,,,,,,,,,,
,,,,,,,,,,,,,,,,,,,,,,,,
,,,,,,,,,,,,,,,,,,,,,,,,
,,,,,,,,,,,,,,,,,,,,,,,,
,,,,,,,,,,,,,,,,,,,,,,,,
,,,,,,,,,,,,,,,,,,,,,,,,
,,,,,,,,,,,,,,,,,,,,,,,,
,,,,,,,,,,,,,,,,,,,,,,,,
,,,,,,,,,,,,,,,,,,,,,,,,
,,,,,,,,,,,,,,,,,,,,,,,,
,,,,,,,,,,,,,,,,,,,,,,,,
,,,,,,,,,,,,,,,,,,,,,,,,
,,,,,,,,,,,,,,,,,,,,,,,,
,,,,,,,,,,,,,,,,,,,,,,,,
,,,,,,,,,,,,,,,,,,,,,,,,
,,,,,,,,,,,,,,,,,,,,,,,,
,,,,,,,,,,,,,,,,,,,,,,,,
,,,,,,,,,,,,,,,,,,,,,,,,
,,,,,,,,,,,,,,,,,,,,,,,,
,,,,,,,,,,,,,,,,,,,,,,,,
,,,,,,,,,,,,,,,,,,,,,,,,
,,,,,,,,,,,,,,,,,,,,,,,,
,,,,,,,,,,,,,,,,,,,,,,,,
,,,,,,,,,,,,,,,,,,,,,,,,
,,,,,,,,,,,,,,,,,,,,,,,,
,,,,,,,,,,,,,,,,,,,,,,,,
,,,,,,,,,,,,,,,,,,,,,,,,
,,,,,,,,,,,,,,,,,,,,,,,,
,,,,,,,,,,,,,,,,,,,,,,,,
,,,,,,,,,,,,,,,,,,,,,,,,
,,,,,,,,,,,,,,,,,,,,,,,,
,,,,,,,,,,,,,,,,,,,,,,,,
,,,,,,,,,,,,,,,,,,,,,,,,
,,,,,,,,,,,,,,,,,,,,,,,,
,,,,,,,,,,,,,,,,,,,,,,,,
,,,,,,,,,,,,,,,,,,,,,,,,
,,,,,,,,,,,,,,,,,,,,,,,,
,,,,,,,,,,,,,,,,,,,,,,,,
,,,,,,,,,,,,,,,,,,,,,,,,
,,,,,,,,,,,,,,,,,,,,,,,,
,,,,,,,,,,,,,,,,,,,,,,,,
,,,,,,,,,,,,,,,,,,,,,,,,
,,,,,,,,,,,,,,,,,,,,,,,,
,,,,,,,,,,,,,,,,,,,,,,,,
,,,,,,,,,,,,,,,,,,,,,,,,
,,,,,,,,,,,,,,,,,,,,,,,,
,,,,,,,,,,,,,,,,,,,,,,,,
,,,,,,,,,,,,,,,,,,,,,,,,
,,,,,,,,,,,,,,,,,,,,,,,,
,,,,,,,,,,,,,,,,,,,,,,,,
,,,,,,,,,,,,,,,,,,,,,,,,
,,,,,,,,,,,,,,,,,,,,,,,,
,,,,,,,,,,,,,,,,,,,,,,,,
,,,,,,,,,,,,,,,,,,,,,,,,
,,,,,,,,,,,,,,,,,,,,,,,,
,,,,,,,,,,,,,,,,,,,,,,,,
,,,,,,,,,,,,,,,,,,,,,,,,
,,,,,,,,,,,,,,,,,,,,,,,,
,,,,,,,,,,,,,,,,,,,,,,,,
,,,,,,,,,,,,,,,,,,,,,,,,
,,,,,,,,,,,,,,,,,,,,,,,,
,,,,,,,,,,,,,,,,,,,,,,,,
,,,,,,,,,,,,,,,,,,,,,,,,
,,,,,,,,,,,,,,,,,,,,,,,,
,,,,,,,,,,,,,,,,,,,,,,,,
,,,,,,,,,,,,,,,,,,,,,,,,
,,,,,,,,,,,,,,,,,,,,,,,,
,,,,,,,,,,,,,,,,,,,,,,,,
,,,,,,,,,,,,,,,,,,,,,,,,
,,,,,,,,,,,,,,,,,,,,,,,,
,,,,,,,,,,,,,,,,,,,,,,,,
,,,,,,,,,,,,,,,,,,,,,,,,
,,,,,,,,,,,,,,,,,,,,,,,,
,,,,,,,,,,,,,,,,,,,,,,,,
,,,,,,,,,,,,,,,,,,,,,,,,
,,,,,,,,,,,,,,,,,,,,,,,,
,,,,,,,,,,,,,,,,,,,,,,,,
,,,,,,,,,,,,,,,,,,,,,,,,
,,,,,,,,,,,,,,,,,,,,,,,,
,,,,,,,,,,,,,,,,,,,,,,,,
,,,,,,,,,,,,,,,,,,,,,,,,
,,,,,,,,,,,,,,,,,,,,,,,,
,,,,,,,,,,,,,,,,,,,,,,,,
,,,,,,,,,,,,,,,,,,,,,,,,
,,,,,,,,,,,,,,,,,,,,,,,,
,,,,,,,,,,,,,,,,,,,,,,,,
,,,,,,,,,,,,,,,,,,,,,,,,
,,,,,,,,,,,,,,,,,,,,,,,,
,,,,,,,,,,,,,,,,,,,,,,,,
,,,,,,,,,,,,,,,,,,,,,,,,
,,,,,,,,,,,,,,,,,,,,,,,,
,,,,,,,,,,,,,,,,,,,,,,,,
,,,,,,,,,,,,,,,,,,,,,,,,
,,,,,,,,,,,,,,,,,,,,,,,,
,,,,,,,,,,,,,,,,,,,,,,,,
,,,,,,,,,,,,,,,,,,,,,,,,
,,,,,,,,,,,,,,,,,,,,,,,,
,,,,,,,,,,,,,,,,,,,,,,,,
,,,,,,,,,,,,,,,,,,,,,,,,
,,,,,,,,,,,,,,,,,,,,,,,,
,,,,,,,,,,,,,,,,,,,,,,,,
,,,,,,,,,,,,,,,,,,,,,,,,
,,,,,,,,,,,,,,,,,,,,,,,,
,,,,,,,,,,,,,,,,,,,,,,,,
,,,,,,,,,,,,,,,,,,,,,,,,
,,,,,,,,,,,,,,,,,,,,,,,,
,,,,,,,,,,,,,,,,,,,,,,,,
,,,,,,,,,,,,,,,,,,,,,,,,
,,,,,,,,,,,,,,,,,,,,,,,,
,,,,,,,,,,,,,,,,,,,,,,,,
,,,,,,,,,,,,,,,,,,,,,,,,
,,,,,,,,,,,,,,,,,,,,,,,,
,,,,,,,,,,,,,,,,,,,,,,,,
,,,,,,,,,,,,,,,,,,,,,,,,
,,,,,,,,,,,,,,,,,,,,,,,,
,,,,,,,,,,,,,,,,,,,,,,,,
,,,,,,,,,,,,,,,,,,,,,,,,
,,,,,,,,,,,,,,,,,,,,,,,,
,,,,,,,,,,,,,,,,,,,,,,,,
,,,,,,,,,,,,,,,,,,,,,,,,
,,,,,,,,,,,,,,,,,,,,,,,,
